ID Cliente,Nombre,Apellido,ID País,Dirección,Correo
CL001,Michaela,Hart,PA00148,ADRS1,Michaela.Hart@gmail.com
CL002,Jessica,Anderson,PA0022,ADRS2,Jessica.Anderson@gmail.com
CL003,Jonathan,Jenkins,PA0070,ADRS3,Jonathan.Jenkins@gmail.com
CL004,James,Gillespie,PA00156,ADRS4,James.Gillespie@gmail.com
CL005,Dennis,Ortiz,PA0089,ADRS5,Dennis.Ortiz@gmail.com
CL006,Tara,Short,PA00152,ADRS6,Tara.Short@gmail.com
CL007,Philip,Ross,PA00172,ADRS7,Philip.Ross@gmail.com
CL008,Linda,Bennett,PA0041,ADRS8,Linda.Bennett@gmail.com
CL009,Shawn,Peterson,PA00142,ADRS9,Shawn.Peterson@gmail.com
CL0010,Jonathan,Wilson,PA0065,ADRS10,Jonathan.Wilson@gmail.com
CL0011,Thomas,Woodard,PA0046,ADRS11,Thomas.Woodard@gmail.com
CL0012,Brian,Hammond,PA0078,ADRS12,Brian.Hammond@gmail.com
CL0013,Charles,Hunter,PA0044,ADRS13,Charles.Hunter@gmail.com
CL0014,Sydney,Vazquez,PA00152,ADRS14,Sydney.Vazquez@gmail.com
CL0015,Allen,Johnson,PA0078,ADRS15,Allen.Johnson@gmail.com
CL0016,Patricia,Woods,PA0086,ADRS16,Patricia.Woods@gmail.com
CL0017,Brandon,Mosley,PA00124,ADRS17,Brandon.Mosley@gmail.com
CL0018,David,Moore,PA00125,ADRS18,David.Moore@gmail.com
CL0019,Danielle,Jones,PA00156,ADRS19,Danielle.Jones@gmail.com
CL0020,Valerie,Shaw,PA0078,ADRS20,Valerie.Shaw@gmail.com
CL0021,Angela,Stein,PA00177,ADRS21,Angela.Stein@gmail.com
CL0022,Richard,Larson,PA00171,ADRS22,Richard.Larson@gmail.com
CL0023,Sara,Rhodes,PA003,ADRS23,Sara.Rhodes@gmail.com
CL0024,Dalton,Morton,PA0072,ADRS24,Dalton.Morton@gmail.com
CL0025,Eric,King,PA00158,ADRS25,Eric.King@gmail.com
CL0026,Daniel,Guzman,PA00128,ADRS26,Daniel.Guzman@gmail.com
CL0027,Susan,Delgado,PA0084,ADRS27,Susan.Delgado@gmail.com
CL0028,Kathy,Aguilar,PA0048,ADRS28,Kathy.Aguilar@gmail.com
CL0029,Daniel,Andrews,PA0088,ADRS29,Daniel.Andrews@gmail.com
CL0030,Travis,Johnson,PA00122,ADRS30,Travis.Johnson@gmail.com
CL0031,Andrew,Silva,PA0028,ADRS31,Andrew.Silva@gmail.com
CL0032,Jonathan,Dean,PA0027,ADRS32,Jonathan.Dean@gmail.com
CL0033,Jared,Novak,PA0077,ADRS33,Jared.Novak@gmail.com
CL0034,Stephanie,Rhodes,PA00179,ADRS34,Stephanie.Rhodes@gmail.com
CL0035,Emily,Tran,PA00116,ADRS35,Emily.Tran@gmail.com
CL0036,Sherry,Carroll,PA0021,ADRS36,Sherry.Carroll@gmail.com
CL0037,Ellen,Duncan,PA0077,ADRS37,Ellen.Duncan@gmail.com
CL0038,Stephanie,Wheeler,PA00121,ADRS38,Stephanie.Wheeler@gmail.com
CL0039,Caroline,Strickland,PA00171,ADRS39,Caroline.Strickland@gmail.com
CL0040,Jennifer,Newman,PA00129,ADRS40,Jennifer.Newman@gmail.com
CL0041,Steven,Kennedy,PA0083,ADRS41,Steven.Kennedy@gmail.com
CL0042,Maria,Mejia,PA00175,ADRS42,Maria.Mejia@gmail.com
CL0043,Juan,Mitchell,PA00104,ADRS43,Juan.Mitchell@gmail.com
CL0044,Donald,Shepard,PA00169,ADRS44,Donald.Shepard@gmail.com
CL0045,Laura,Gardner,PA0023,ADRS45,Laura.Gardner@gmail.com
CL0046,Patricia,Brown,PA0033,ADRS46,Patricia.Brown@gmail.com
CL0047,Judith,Bradshaw,PA0096,ADRS47,Judith.Bradshaw@gmail.com
CL0048,Carrie,Moore,PA00129,ADRS48,Carrie.Moore@gmail.com
CL0049,Stephanie,Bauer,PA00133,ADRS49,Stephanie.Bauer@gmail.com
CL0050,Robert,Murphy,PA00146,ADRS50,Robert.Murphy@gmail.com
CL0051,Andrew,Jones,PA00177,ADRS51,Andrew.Jones@gmail.com
CL0052,John,Gregory,PA0059,ADRS52,John.Gregory@gmail.com
CL0053,Pamela,Leonard,PA00112,ADRS53,Pamela.Leonard@gmail.com
CL0054,Michael,Cisneros,PA0094,ADRS54,Michael.Cisneros@gmail.com
CL0055,Miguel,Stevens,PA00170,ADRS55,Miguel.Stevens@gmail.com
CL0056,Steven,Powell,PA0079,ADRS56,Steven.Powell@gmail.com
CL0057,Anthony,Park,PA00158,ADRS57,Anthony.Park@gmail.com
CL0058,Michelle,Hernandez,PA007,ADRS58,Michelle.Hernandez@gmail.com
CL0059,Rachel,Mata,PA0083,ADRS59,Rachel.Mata@gmail.com
CL0060,Melissa,Green,PA0086,ADRS60,Melissa.Green@gmail.com
CL0061,Richard,Alexander,PA00134,ADRS61,Richard.Alexander@gmail.com
CL0062,Douglas,Ford,PA007,ADRS62,Douglas.Ford@gmail.com
CL0063,Donald,Welch,PA00147,ADRS63,Donald.Welch@gmail.com
CL0064,Stephanie,Duran,PA00159,ADRS64,Stephanie.Duran@gmail.com
CL0065,Justin,Mills,PA0010,ADRS65,Justin.Mills@gmail.com
CL0066,Jennifer,Neal,PA00151,ADRS66,Jennifer.Neal@gmail.com
CL0067,Betty,Harmon,PA0035,ADRS67,Betty.Harmon@gmail.com
CL0068,Autumn,Valdez,PA00166,ADRS68,Autumn.Valdez@gmail.com
CL0069,Larry,Carroll,PA0015,ADRS69,Larry.Carroll@gmail.com
CL0070,Kyle,Stephens,PA00171,ADRS70,Kyle.Stephens@gmail.com
CL0071,Heather,Hubbard,PA00112,ADRS71,Heather.Hubbard@gmail.com
CL0072,Paul,Nelson,PA00105,ADRS72,Paul.Nelson@gmail.com
CL0073,Kimberly,Sellers,PA0022,ADRS73,Kimberly.Sellers@gmail.com
CL0074,Alexis,Collier,PA005,ADRS74,Alexis.Collier@gmail.com
CL0075,Karen,West,PA00124,ADRS75,Karen.West@gmail.com
CL0076,Austin,Wallace,PA0047,ADRS76,Austin.Wallace@gmail.com
CL0077,Ronald,Kelly,PA0050,ADRS77,Ronald.Kelly@gmail.com
CL0078,Sharon,Salas,PA00127,ADRS78,Sharon.Salas@gmail.com
CL0079,Bonnie,Hall,PA0073,ADRS79,Bonnie.Hall@gmail.com
CL0080,Mark,White,PA0026,ADRS80,Mark.White@gmail.com
CL0081,Dakota,Hayes,PA0081,ADRS81,Dakota.Hayes@gmail.com
CL0082,Kyle,Smith,PA00159,ADRS82,Kyle.Smith@gmail.com
CL0083,Kenneth,Green,PA0048,ADRS83,Kenneth.Green@gmail.com
CL0084,Jennifer,Moreno,PA0016,ADRS84,Jennifer.Moreno@gmail.com
CL0085,Stephen,Knight,PA00172,ADRS85,Stephen.Knight@gmail.com
CL0086,William,Brooks,PA0025,ADRS86,William.Brooks@gmail.com
CL0087,Tyler,Richardson,PA0048,ADRS87,Tyler.Richardson@gmail.com
CL0088,Jessica,Wade,PA00102,ADRS88,Jessica.Wade@gmail.com
CL0089,Brian,Carpenter,PA00137,ADRS89,Brian.Carpenter@gmail.com
CL0090,Ariana,Cooper,PA0037,ADRS90,Ariana.Cooper@gmail.com
CL0091,Lauren,Beck,PA0047,ADRS91,Lauren.Beck@gmail.com
CL0092,Courtney,Petty,PA00123,ADRS92,Courtney.Petty@gmail.com
CL0093,Richard,Dunn,PA00127,ADRS93,Richard.Dunn@gmail.com
CL0094,William,Miller,PA0046,ADRS94,William.Miller@gmail.com
CL0095,Debbie,Taylor,PA00159,ADRS95,Debbie.Taylor@gmail.com
CL0096,William,Velez,PA00128,ADRS96,William.Velez@gmail.com
CL0097,Luke,Turner,PA0075,ADRS97,Luke.Turner@gmail.com
CL0098,Jonathan,Knox,PA00115,ADRS98,Jonathan.Knox@gmail.com
CL0099,Tina,Henson,PA00184,ADRS99,Tina.Henson@gmail.com
CL00100,Ashley,Townsend,PA0020,ADRS100,Ashley.Townsend@gmail.com
CL00101,Michael,Gonzales,PA00154,ADRS101,Michael.Gonzales@gmail.com
CL00102,Karen,Thompson,PA008,ADRS102,Karen.Thompson@gmail.com
CL00103,Edward,Whitaker,PA0052,ADRS103,Edward.Whitaker@gmail.com
CL00104,Tamara,Ramos,PA0054,ADRS104,Tamara.Ramos@gmail.com
CL00105,Mitchell,Wood,PA00102,ADRS105,Mitchell.Wood@gmail.com
CL00106,Allison,Pruitt,PA00117,ADRS106,Allison.Pruitt@gmail.com
CL00107,Lori,Ramirez,PA00159,ADRS107,Lori.Ramirez@gmail.com
CL00108,Debbie,Jones,PA00168,ADRS108,Debbie.Jones@gmail.com
CL00109,Christina,Cervantes,PA00126,ADRS109,Christina.Cervantes@gmail.com
CL00110,Jennifer,Mckenzie,PA00141,ADRS110,Jennifer.Mckenzie@gmail.com
CL00111,Lee,Brooks,PA0066,ADRS111,Lee.Brooks@gmail.com
CL00112,Stephanie,Ramirez,PA0030,ADRS112,Stephanie.Ramirez@gmail.com
CL00113,Matthew,Henderson,PA0034,ADRS113,Matthew.Henderson@gmail.com
CL00114,Stacy,Cruz,PA0053,ADRS114,Stacy.Cruz@gmail.com
CL00115,Cindy,Mills,PA0057,ADRS115,Cindy.Mills@gmail.com
CL00116,Alan,Macias,PA0035,ADRS116,Alan.Macias@gmail.com
CL00117,Christy,Phillips,PA00142,ADRS117,Christy.Phillips@gmail.com
CL00118,Karina,Butler,PA0094,ADRS118,Karina.Butler@gmail.com
CL00119,Lisa,Beard,PA00118,ADRS119,Lisa.Beard@gmail.com
CL00120,David,Brown,PA00113,ADRS120,David.Brown@gmail.com
CL00121,Lisa,Lee,PA0023,ADRS121,Lisa.Lee@gmail.com
CL00122,Louis,Smith,PA00105,ADRS122,Louis.Smith@gmail.com
CL00123,Craig,Thompson,PA00118,ADRS123,Craig.Thompson@gmail.com
CL00124,Krista,Anderson,PA00164,ADRS124,Krista.Anderson@gmail.com
CL00125,Laura,Trevino,PA00174,ADRS125,Laura.Trevino@gmail.com
CL00126,Janet,Gross,PA00107,ADRS126,Janet.Gross@gmail.com
CL00127,Andrew,Schneider,PA00172,ADRS127,Andrew.Schneider@gmail.com
CL00128,Edward,Lowery,PA00164,ADRS128,Edward.Lowery@gmail.com
CL00129,Robert,Mckinney,PA00124,ADRS129,Robert.Mckinney@gmail.com
CL00130,Lisa,Mitchell,PA00115,ADRS130,Lisa.Mitchell@gmail.com
CL00131,Rachel,Diaz,PA00115,ADRS131,Rachel.Diaz@gmail.com
CL00132,Amy,Smith,PA00119,ADRS132,Amy.Smith@gmail.com
CL00133,Andrew,Cline,PA0073,ADRS133,Andrew.Cline@gmail.com
CL00134,Walter,Schneider,PA0026,ADRS134,Walter.Schneider@gmail.com
CL00135,Dawn,Ballard,PA00124,ADRS135,Dawn.Ballard@gmail.com
CL00136,David,Thomas,PA00109,ADRS136,David.Thomas@gmail.com
CL00137,Becky,Davis,PA0038,ADRS137,Becky.Davis@gmail.com
CL00138,Victor,Williams,PA0051,ADRS138,Victor.Williams@gmail.com
CL00139,Melanie,Rowe,PA00157,ADRS139,Melanie.Rowe@gmail.com
CL00140,Brandon,Armstrong,PA00158,ADRS140,Brandon.Armstrong@gmail.com
CL00141,Latasha,Burns,PA00102,ADRS141,Latasha.Burns@gmail.com
CL00142,Dennis,Meyers,PA0080,ADRS142,Dennis.Meyers@gmail.com
CL00143,Robert,Hamilton,PA0034,ADRS143,Robert.Hamilton@gmail.com
CL00144,Anthony,Smith,PA0010,ADRS144,Anthony.Smith@gmail.com
CL00145,Amanda,Smith,PA00155,ADRS145,Amanda.Smith@gmail.com
CL00146,Mike,Drake,PA00168,ADRS146,Mike.Drake@gmail.com
CL00147,Alan,Barnes,PA001,ADRS147,Alan.Barnes@gmail.com
CL00148,Michael,Schneider,PA00123,ADRS148,Michael.Schneider@gmail.com
CL00149,Scott,Ho,PA0065,ADRS149,Scott.Ho@gmail.com
CL00150,Omar,Thompson,PA00104,ADRS150,Omar.Thompson@gmail.com
CL00151,Roger,Mcpherson,PA0021,ADRS151,Roger.Mcpherson@gmail.com
CL00152,Tammy,Pena,PA00143,ADRS152,Tammy.Pena@gmail.com
CL00153,Michael,Henderson,PA00167,ADRS153,Michael.Henderson@gmail.com
CL00154,Timothy,Davies,PA00153,ADRS154,Timothy.Davies@gmail.com
CL00155,Corey,Mccormick,PA00156,ADRS155,Corey.Mccormick@gmail.com
CL00156,Monica,Wilkerson,PA002,ADRS156,Monica.Wilkerson@gmail.com
CL00157,James,Sherman,PA0033,ADRS157,James.Sherman@gmail.com
CL00158,Ricardo,Lucas,PA0080,ADRS158,Ricardo.Lucas@gmail.com
CL00159,Kyle,Leon,PA00133,ADRS159,Kyle.Leon@gmail.com
CL00160,John,Day,PA00150,ADRS160,John.Day@gmail.com
CL00161,Anna,Marshall,PA00176,ADRS161,Anna.Marshall@gmail.com
CL00162,Anthony,Johnson,PA00153,ADRS162,Anthony.Johnson@gmail.com
CL00163,Becky,Benitez,PA0018,ADRS163,Becky.Benitez@gmail.com
CL00164,Henry,Schneider,PA00153,ADRS164,Henry.Schneider@gmail.com
CL00165,Chris,Hawkins,PA00123,ADRS165,Chris.Hawkins@gmail.com
CL00166,Brianna,Stephens,PA00139,ADRS166,Brianna.Stephens@gmail.com
CL00167,Blake,Anderson,PA0070,ADRS167,Blake.Anderson@gmail.com
CL00168,Devon,Murphy,PA0063,ADRS168,Devon.Murphy@gmail.com
CL00169,Margaret,Potter,PA00109,ADRS169,Margaret.Potter@gmail.com
CL00170,Cole,Young,PA0094,ADRS170,Cole.Young@gmail.com
CL00171,John,Holt,PA0090,ADRS171,John.Holt@gmail.com
CL00172,Jessica,Rose,PA0091,ADRS172,Jessica.Rose@gmail.com
CL00173,Adam,Garcia,PA00125,ADRS173,Adam.Garcia@gmail.com
CL00174,Stephanie,Jones,PA00102,ADRS174,Stephanie.Jones@gmail.com
CL00175,Sandra,Jensen,PA0042,ADRS175,Sandra.Jensen@gmail.com
CL00176,Jorge,Jackson,PA00180,ADRS176,Jorge.Jackson@gmail.com
CL00177,Karen,Luna,PA00149,ADRS177,Karen.Luna@gmail.com
CL00178,Natalie,Powell,PA00110,ADRS178,Natalie.Powell@gmail.com
CL00179,Vanessa,Roberts,PA0027,ADRS179,Vanessa.Roberts@gmail.com
CL00180,Zachary,Lam,PA0070,ADRS180,Zachary.Lam@gmail.com
CL00181,Robert,Smith,PA00111,ADRS181,Robert.Smith@gmail.com
CL00182,Elizabeth,Jackson,PA0087,ADRS182,Elizabeth.Jackson@gmail.com
CL00183,Jenna,Kelly,PA0062,ADRS183,Jenna.Kelly@gmail.com
CL00184,April,Bartlett,PA0041,ADRS184,April.Bartlett@gmail.com
CL00185,Joshua,Patrick,PA0068,ADRS185,Joshua.Patrick@gmail.com
CL00186,Christopher,Johnson,PA00139,ADRS186,Christopher.Johnson@gmail.com
CL00187,Richard,Ramos,PA0036,ADRS187,Richard.Ramos@gmail.com
CL00188,Lonnie,Phillips,PA0044,ADRS188,Lonnie.Phillips@gmail.com
CL00189,Stacy,Smith,PA00115,ADRS189,Stacy.Smith@gmail.com
CL00190,Michael,Brown,PA0054,ADRS190,Michael.Brown@gmail.com
CL00191,Malik,Alexander,PA0069,ADRS191,Malik.Alexander@gmail.com
CL00192,Dawn,Norman,PA0099,ADRS192,Dawn.Norman@gmail.com
CL00193,Yvonne,Johnson,PA0026,ADRS193,Yvonne.Johnson@gmail.com
CL00194,Kevin,Martin,PA003,ADRS194,Kevin.Martin@gmail.com
CL00195,Courtney,Mack,PA00144,ADRS195,Courtney.Mack@gmail.com
CL00196,Helen,Mcknight,PA0096,ADRS196,Helen.Mcknight@gmail.com
CL00197,Cindy,Brown,PA0039,ADRS197,Cindy.Brown@gmail.com
CL00198,Cindy,Lewis,PA00114,ADRS198,Cindy.Lewis@gmail.com
CL00199,Kaitlin,Reilly,PA00116,ADRS199,Kaitlin.Reilly@gmail.com
CL00200,David,Stewart,PA00117,ADRS200,David.Stewart@gmail.com
CL00201,Adriana,Davis,PA0077,ADRS201,Adriana.Davis@gmail.com
CL00202,Allison,Morris,PA00151,ADRS202,Allison.Morris@gmail.com
CL00203,Emily,Parker,PA0051,ADRS203,Emily.Parker@gmail.com
CL00204,James,Rodriguez,PA00104,ADRS204,James.Rodriguez@gmail.com
CL00205,Kaitlyn,Petersen,PA0090,ADRS205,Kaitlyn.Petersen@gmail.com
CL00206,Morgan,Stewart,PA00178,ADRS206,Morgan.Stewart@gmail.com
CL00207,Janice,Wood,PA00108,ADRS207,Janice.Wood@gmail.com
CL00208,Scott,Hawkins,PA00180,ADRS208,Scott.Hawkins@gmail.com
CL00209,Caroline,Lee,PA00149,ADRS209,Caroline.Lee@gmail.com
CL00210,Hannah,May,PA0028,ADRS210,Hannah.May@gmail.com
CL00211,Jared,Webster,PA00168,ADRS211,Jared.Webster@gmail.com
CL00212,Kimberly,Aguilar,PA0048,ADRS212,Kimberly.Aguilar@gmail.com
CL00213,Cheryl,Arellano,PA00123,ADRS213,Cheryl.Arellano@gmail.com
CL00214,Jennifer,Garcia,PA0030,ADRS214,Jennifer.Garcia@gmail.com
CL00215,Rebecca,Tran,PA00157,ADRS215,Rebecca.Tran@gmail.com
CL00216,Kimberly,George,PA0013,ADRS216,Kimberly.George@gmail.com
CL00217,Chelsea,Moore,PA00136,ADRS217,Chelsea.Moore@gmail.com
CL00218,Eric,Harris,PA0058,ADRS218,Eric.Harris@gmail.com
CL00219,Jonathan,Perkins,PA00139,ADRS219,Jonathan.Perkins@gmail.com
CL00220,Jason,Rodriguez,PA0010,ADRS220,Jason.Rodriguez@gmail.com
CL00221,Christopher,Giles,PA0058,ADRS221,Christopher.Giles@gmail.com
CL00222,Phillip,Jackson,PA0027,ADRS222,Phillip.Jackson@gmail.com
CL00223,John,Robinson,PA00119,ADRS223,John.Robinson@gmail.com
CL00224,Alex,Humphrey,PA0055,ADRS224,Alex.Humphrey@gmail.com
CL00225,Aaron,Lopez,PA00184,ADRS225,Aaron.Lopez@gmail.com
CL00226,Leah,Howard,PA0023,ADRS226,Leah.Howard@gmail.com
CL00227,Michelle,Morgan,PA001,ADRS227,Michelle.Morgan@gmail.com
CL00228,Molly,Erickson,PA00183,ADRS228,Molly.Erickson@gmail.com
CL00229,Leah,Green,PA00125,ADRS229,Leah.Green@gmail.com
CL00230,Maria,Chapman,PA00158,ADRS230,Maria.Chapman@gmail.com
CL00231,Shawn,Strickland,PA00163,ADRS231,Shawn.Strickland@gmail.com
CL00232,Tyler,Dixon,PA0046,ADRS232,Tyler.Dixon@gmail.com
CL00233,Tyler,Eaton,PA00150,ADRS233,Tyler.Eaton@gmail.com
CL00234,Mary,Christensen,PA00107,ADRS234,Mary.Christensen@gmail.com
CL00235,Ian,Ford,PA0067,ADRS235,Ian.Ford@gmail.com
CL00236,Nathan,Mcdowell,PA00100,ADRS236,Nathan.Mcdowell@gmail.com
CL00237,Aaron,Ellis,PA0034,ADRS237,Aaron.Ellis@gmail.com
CL00238,Kendra,Meza,PA0078,ADRS238,Kendra.Meza@gmail.com
CL00239,Stephanie,Griffin,PA0068,ADRS239,Stephanie.Griffin@gmail.com
CL00240,Andrew,Becker,PA00112,ADRS240,Andrew.Becker@gmail.com
CL00241,Douglas,Freeman,PA00125,ADRS241,Douglas.Freeman@gmail.com
CL00242,Henry,Dominguez,PA0032,ADRS242,Henry.Dominguez@gmail.com
CL00243,Christina,Best,PA0022,ADRS243,Christina.Best@gmail.com
CL00244,Courtney,Williams,PA0019,ADRS244,Courtney.Williams@gmail.com
CL00245,David,Walker,PA0087,ADRS245,David.Walker@gmail.com
CL00246,Tyler,Moore,PA0050,ADRS246,Tyler.Moore@gmail.com
CL00247,Tammy,Cochran,PA00180,ADRS247,Tammy.Cochran@gmail.com
CL00248,Drew,Leach,PA0063,ADRS248,Drew.Leach@gmail.com
CL00249,Melissa,Sullivan,PA0031,ADRS249,Melissa.Sullivan@gmail.com
CL00250,Thomas,Fleming,PA0095,ADRS250,Thomas.Fleming@gmail.com
CL00251,Amanda,Nelson,PA00164,ADRS251,Amanda.Nelson@gmail.com
CL00252,Daniel,Sullivan,PA0033,ADRS252,Daniel.Sullivan@gmail.com
CL00253,Melissa,Mcdaniel,PA00107,ADRS253,Melissa.Mcdaniel@gmail.com
CL00254,Gerald,Shaw,PA0052,ADRS254,Gerald.Shaw@gmail.com
CL00255,John,Martinez,PA00108,ADRS255,John.Martinez@gmail.com
CL00256,Donald,Greer,PA0090,ADRS256,Donald.Greer@gmail.com
CL00257,Rachel,Duke,PA00110,ADRS257,Rachel.Duke@gmail.com
CL00258,Alicia,Pitts,PA00137,ADRS258,Alicia.Pitts@gmail.com
CL00259,Robert,Bennett,PA00156,ADRS259,Robert.Bennett@gmail.com
CL00260,Jacqueline,Garcia,PA0056,ADRS260,Jacqueline.Garcia@gmail.com
CL00261,Katelyn,Berry,PA0059,ADRS261,Katelyn.Berry@gmail.com
CL00262,Renee,Johnson,PA0093,ADRS262,Renee.Johnson@gmail.com
CL00263,Maria,Carey,PA00170,ADRS263,Maria.Carey@gmail.com
CL00264,Nathaniel,Anderson,PA0067,ADRS264,Nathaniel.Anderson@gmail.com
CL00265,Shane,Reid,PA0022,ADRS265,Shane.Reid@gmail.com
CL00266,Amanda,Edwards,PA0037,ADRS266,Amanda.Edwards@gmail.com
CL00267,Terrence,Anderson,PA0062,ADRS267,Terrence.Anderson@gmail.com
CL00268,Jessica,Ortega,PA002,ADRS268,Jessica.Ortega@gmail.com
CL00269,Justin,Robinson,PA00115,ADRS269,Justin.Robinson@gmail.com
CL00270,Robert,Gonzales,PA00128,ADRS270,Robert.Gonzales@gmail.com
CL00271,Dennis,Fletcher,PA00175,ADRS271,Dennis.Fletcher@gmail.com
CL00272,Amy,Baker,PA0096,ADRS272,Amy.Baker@gmail.com
CL00273,Donna,Tanner,PA0029,ADRS273,Donna.Tanner@gmail.com
CL00274,Dana,Singh,PA00168,ADRS274,Dana.Singh@gmail.com
CL00275,Jason,Torres,PA00125,ADRS275,Jason.Torres@gmail.com
CL00276,Deborah,Johnson,PA002,ADRS276,Deborah.Johnson@gmail.com
CL00277,Michael,Cruz,PA00116,ADRS277,Michael.Cruz@gmail.com
CL00278,Mariah,Smith,PA0018,ADRS278,Mariah.Smith@gmail.com
CL00279,Edward,Fowler,PA00115,ADRS279,Edward.Fowler@gmail.com
CL00280,Benjamin,Gomez,PA00168,ADRS280,Benjamin.Gomez@gmail.com
CL00281,Joshua,Jones,PA00148,ADRS281,Joshua.Jones@gmail.com
CL00282,Danny,Green,PA0061,ADRS282,Danny.Green@gmail.com
CL00283,Jeremiah,Williams,PA0092,ADRS283,Jeremiah.Williams@gmail.com
CL00284,Susan,King,PA0091,ADRS284,Susan.King@gmail.com
CL00285,Angela,Lee,PA0072,ADRS285,Angela.Lee@gmail.com
CL00286,Gregory,Jones,PA0094,ADRS286,Gregory.Jones@gmail.com
CL00287,Jeremy,Howell,PA00108,ADRS287,Jeremy.Howell@gmail.com
CL00288,April,Townsend,PA0066,ADRS288,April.Townsend@gmail.com
CL00289,Stacey,Thompson,PA00166,ADRS289,Stacey.Thompson@gmail.com
CL00290,Deborah,Dean,PA00132,ADRS290,Deborah.Dean@gmail.com
CL00291,Angela,Banks,PA00179,ADRS291,Angela.Banks@gmail.com
CL00292,Andrew,George,PA0083,ADRS292,Andrew.George@gmail.com
CL00293,Cory,Avery,PA0036,ADRS293,Cory.Avery@gmail.com
CL00294,Brent,Mercer,PA0047,ADRS294,Brent.Mercer@gmail.com
CL00295,Brittany,Jensen,PA0018,ADRS295,Brittany.Jensen@gmail.com
CL00296,Benjamin,Boone,PA00116,ADRS296,Benjamin.Boone@gmail.com
CL00297,Nathaniel,Miller,PA0061,ADRS297,Nathaniel.Miller@gmail.com
CL00298,Thomas,Bailey,PA0067,ADRS298,Thomas.Bailey@gmail.com
CL00299,Aaron,Jensen,PA0060,ADRS299,Aaron.Jensen@gmail.com
CL00300,Thomas,Lyons,PA0082,ADRS300,Thomas.Lyons@gmail.com
CL00301,Steven,Barker,PA00168,ADRS301,Steven.Barker@gmail.com
CL00302,Robert,Chung,PA009,ADRS302,Robert.Chung@gmail.com
CL00303,Edward,Henry,PA00168,ADRS303,Edward.Henry@gmail.com
CL00304,Ashley,Bailey,PA0013,ADRS304,Ashley.Bailey@gmail.com
CL00305,Thomas,Jones,PA0085,ADRS305,Thomas.Jones@gmail.com
CL00306,Crystal,Roberts,PA007,ADRS306,Crystal.Roberts@gmail.com
CL00307,Donna,Buchanan,PA0097,ADRS307,Donna.Buchanan@gmail.com
CL00308,Randall,Aguilar,PA0012,ADRS308,Randall.Aguilar@gmail.com
CL00309,Gary,Bowman,PA0026,ADRS309,Gary.Bowman@gmail.com
CL00310,Martha,Nguyen,PA00164,ADRS310,Martha.Nguyen@gmail.com
CL00311,Roger,Mills,PA002,ADRS311,Roger.Mills@gmail.com
CL00312,Alicia,Thompson,PA00138,ADRS312,Alicia.Thompson@gmail.com
CL00313,Rebecca,Leach,PA0063,ADRS313,Rebecca.Leach@gmail.com
CL00314,Jim,Wilson,PA00163,ADRS314,Jim.Wilson@gmail.com
CL00315,Joshua,Sullivan,PA00125,ADRS315,Joshua.Sullivan@gmail.com
CL00316,Natalie,Gould,PA00170,ADRS316,Natalie.Gould@gmail.com
CL00317,Gina,Jackson,PA00107,ADRS317,Gina.Jackson@gmail.com
CL00318,Melvin,Lewis,PA00119,ADRS318,Melvin.Lewis@gmail.com
CL00319,Kyle,Brown,PA00105,ADRS319,Kyle.Brown@gmail.com
CL00320,Johnny,Watson,PA00135,ADRS320,Johnny.Watson@gmail.com
CL00321,Taylor,Michael,PA00134,ADRS321,Taylor.Michael@gmail.com
CL00322,Kathleen,Ortiz,PA00133,ADRS322,Kathleen.Ortiz@gmail.com
CL00323,Ricky,Wilcox,PA0066,ADRS323,Ricky.Wilcox@gmail.com
CL00324,Denise,Davis,PA0037,ADRS324,Denise.Davis@gmail.com
CL00325,George,Mercado,PA00138,ADRS325,George.Mercado@gmail.com
CL00326,Brittany,Adams,PA0065,ADRS326,Brittany.Adams@gmail.com
CL00327,Brian,Glass,PA0013,ADRS327,Brian.Glass@gmail.com
CL00328,Paul,Booth,PA0019,ADRS328,Paul.Booth@gmail.com
CL00329,William,Hull,PA00132,ADRS329,William.Hull@gmail.com
CL00330,Cynthia,Jones,PA0060,ADRS330,Cynthia.Jones@gmail.com
CL00331,Kathleen,Aguilar,PA00109,ADRS331,Kathleen.Aguilar@gmail.com
CL00332,Lindsey,Bennett,PA0078,ADRS332,Lindsey.Bennett@gmail.com
CL00333,Manuel,Mendoza,PA00133,ADRS333,Manuel.Mendoza@gmail.com
CL00334,Jasmine,Cameron,PA00173,ADRS334,Jasmine.Cameron@gmail.com
CL00335,Ruben,Hanson,PA0058,ADRS335,Ruben.Hanson@gmail.com
CL00336,Gabriel,Russell,PA0066,ADRS336,Gabriel.Russell@gmail.com
CL00337,James,Cooke,PA008,ADRS337,James.Cooke@gmail.com
CL00338,Annette,Henderson,PA00157,ADRS338,Annette.Henderson@gmail.com
CL00339,Patricia,Dixon,PA00115,ADRS339,Patricia.Dixon@gmail.com
CL00340,Jill,Miller,PA00168,ADRS340,Jill.Miller@gmail.com
CL00341,Jacob,Lopez,PA0029,ADRS341,Jacob.Lopez@gmail.com
CL00342,Maureen,Johnson,PA006,ADRS342,Maureen.Johnson@gmail.com
CL00343,Gregory,Williams,PA0062,ADRS343,Gregory.Williams@gmail.com
CL00344,David,Estrada,PA00118,ADRS344,David.Estrada@gmail.com
CL00345,Savannah,Holloway,PA00133,ADRS345,Savannah.Holloway@gmail.com
CL00346,Brent,Choi,PA00140,ADRS346,Brent.Choi@gmail.com
CL00347,Jaime,Myers,PA0055,ADRS347,Jaime.Myers@gmail.com
CL00348,Alexis,Williams,PA00148,ADRS348,Alexis.Williams@gmail.com
CL00349,Samantha,Thompson,PA00182,ADRS349,Samantha.Thompson@gmail.com
CL00350,Robert,Rodriguez,PA0040,ADRS350,Robert.Rodriguez@gmail.com
CL00351,Dustin,Sanchez,PA0068,ADRS351,Dustin.Sanchez@gmail.com
CL00352,Amy,Davis,PA0016,ADRS352,Amy.Davis@gmail.com
CL00353,Ryan,Hall,PA008,ADRS353,Ryan.Hall@gmail.com
CL00354,Charles,Schultz,PA00119,ADRS354,Charles.Schultz@gmail.com
CL00355,William,Owen,PA00166,ADRS355,William.Owen@gmail.com
CL00356,Edward,Valdez,PA002,ADRS356,Edward.Valdez@gmail.com
CL00357,Stephanie,Butler,PA00116,ADRS357,Stephanie.Butler@gmail.com
CL00358,David,Salazar,PA0084,ADRS358,David.Salazar@gmail.com
CL00359,Derrick,Ware,PA0020,ADRS359,Derrick.Ware@gmail.com
CL00360,Robert,Davis,PA0075,ADRS360,Robert.Davis@gmail.com
CL00361,Kelsey,Adams,PA0070,ADRS361,Kelsey.Adams@gmail.com
CL00362,Douglas,Turner,PA00168,ADRS362,Douglas.Turner@gmail.com
CL00363,Tina,Davis,PA0018,ADRS363,Tina.Davis@gmail.com
CL00364,Tamara,Lawson,PA00102,ADRS364,Tamara.Lawson@gmail.com
CL00365,Sarah,Hughes,PA0016,ADRS365,Sarah.Hughes@gmail.com
CL00366,Mary,Andrews,PA0068,ADRS366,Mary.Andrews@gmail.com
CL00367,Michael,Campbell,PA0096,ADRS367,Michael.Campbell@gmail.com
CL00368,Brad,Cooper,PA00146,ADRS368,Brad.Cooper@gmail.com
CL00369,Vincent,Landry,PA00137,ADRS369,Vincent.Landry@gmail.com
CL00370,Alan,Eaton,PA0039,ADRS370,Alan.Eaton@gmail.com
CL00371,Anthony,Grimes,PA0046,ADRS371,Anthony.Grimes@gmail.com
CL00372,Theresa,Vega,PA0080,ADRS372,Theresa.Vega@gmail.com
CL00373,Alex,Parrish,PA0022,ADRS373,Alex.Parrish@gmail.com
CL00374,Allison,Zavala,PA00151,ADRS374,Allison.Zavala@gmail.com
CL00375,Wayne,Swanson,PA0099,ADRS375,Wayne.Swanson@gmail.com
CL00376,Amanda,Gallegos,PA0075,ADRS376,Amanda.Gallegos@gmail.com
CL00377,William,Ramirez,PA00105,ADRS377,William.Ramirez@gmail.com
CL00378,Katherine,Lucas,PA0027,ADRS378,Katherine.Lucas@gmail.com
CL00379,Jose,Reynolds,PA0029,ADRS379,Jose.Reynolds@gmail.com
CL00380,Teresa,Wolfe,PA0054,ADRS380,Teresa.Wolfe@gmail.com
CL00381,Audrey,Glass,PA00101,ADRS381,Audrey.Glass@gmail.com
CL00382,Jeffrey,Valencia,PA0067,ADRS382,Jeffrey.Valencia@gmail.com
CL00383,Joseph,Reilly,PA0016,ADRS383,Joseph.Reilly@gmail.com
CL00384,Brandon,Young,PA00154,ADRS384,Brandon.Young@gmail.com
CL00385,Natasha,Garrison,PA00121,ADRS385,Natasha.Garrison@gmail.com
CL00386,Donna,Martin,PA0089,ADRS386,Donna.Martin@gmail.com
CL00387,Darlene,Adams,PA0024,ADRS387,Darlene.Adams@gmail.com
CL00388,John,Johnson,PA00150,ADRS388,John.Johnson@gmail.com
CL00389,Susan,Clark,PA0034,ADRS389,Susan.Clark@gmail.com
CL00390,Amanda,Mills,PA0016,ADRS390,Amanda.Mills@gmail.com
CL00391,Diane,Middleton,PA00125,ADRS391,Diane.Middleton@gmail.com
CL00392,Rebecca,Pearson,PA0099,ADRS392,Rebecca.Pearson@gmail.com
CL00393,Phillip,Craig,PA0034,ADRS393,Phillip.Craig@gmail.com
CL00394,Gabrielle,Thompson,PA009,ADRS394,Gabrielle.Thompson@gmail.com
CL00395,Elizabeth,Burgess,PA0086,ADRS395,Elizabeth.Burgess@gmail.com
CL00396,Edward,Arnold,PA00165,ADRS396,Edward.Arnold@gmail.com
CL00397,Tammy,Montgomery,PA002,ADRS397,Tammy.Montgomery@gmail.com
CL00398,Carlos,Tapia,PA00159,ADRS398,Carlos.Tapia@gmail.com
CL00399,Holly,Peters,PA00109,ADRS399,Holly.Peters@gmail.com
CL00400,Carol,Wong,PA00122,ADRS400,Carol.Wong@gmail.com
CL00401,David,Durham,PA00125,ADRS401,David.Durham@gmail.com
CL00402,Wendy,Williams,PA00145,ADRS402,Wendy.Williams@gmail.com
CL00403,John,Long,PA00119,ADRS403,John.Long@gmail.com
CL00404,Donald,Horton,PA0062,ADRS404,Donald.Horton@gmail.com
CL00405,Jacob,Williams,PA00150,ADRS405,Jacob.Williams@gmail.com
CL00406,William,Arroyo,PA0082,ADRS406,William.Arroyo@gmail.com
CL00407,George,Hernandez,PA00132,ADRS407,George.Hernandez@gmail.com
CL00408,Hunter,Cruz,PA00116,ADRS408,Hunter.Cruz@gmail.com
CL00409,Robert,Black,PA00174,ADRS409,Robert.Black@gmail.com
CL00410,Robin,Lopez,PA00158,ADRS410,Robin.Lopez@gmail.com
CL00411,Jennifer,Lewis,PA00102,ADRS411,Jennifer.Lewis@gmail.com
CL00412,Jennifer,Jones,PA0094,ADRS412,Jennifer.Jones@gmail.com
CL00413,Connor,Camacho,PA00122,ADRS413,Connor.Camacho@gmail.com
CL00414,Catherine,Weaver,PA00156,ADRS414,Catherine.Weaver@gmail.com
CL00415,Sara,Sawyer,PA00167,ADRS415,Sara.Sawyer@gmail.com
CL00416,Michael,Martin,PA0076,ADRS416,Michael.Martin@gmail.com
CL00417,Samantha,Lopez,PA00126,ADRS417,Samantha.Lopez@gmail.com
CL00418,Denise,Blair,PA00100,ADRS418,Denise.Blair@gmail.com
CL00419,Monica,Jacobs,PA0055,ADRS419,Monica.Jacobs@gmail.com
CL00420,Jill,Franklin,PA00167,ADRS420,Jill.Franklin@gmail.com
CL00421,Dylan,Richardson,PA0083,ADRS421,Dylan.Richardson@gmail.com
CL00422,Monique,Myers,PA00137,ADRS422,Monique.Myers@gmail.com
CL00423,Sean,Romero,PA00142,ADRS423,Sean.Romero@gmail.com
CL00424,Mary,Reilly,PA00153,ADRS424,Mary.Reilly@gmail.com
CL00425,April,Stewart,PA00149,ADRS425,April.Stewart@gmail.com
CL00426,Clinton,Gentry,PA0028,ADRS426,Clinton.Gentry@gmail.com
CL00427,Elizabeth,Phillips,PA0038,ADRS427,Elizabeth.Phillips@gmail.com
CL00428,Joseph,Dean,PA001,ADRS428,Joseph.Dean@gmail.com
CL00429,Zachary,Hoffman,PA0031,ADRS429,Zachary.Hoffman@gmail.com
CL00430,Phillip,Francis,PA00100,ADRS430,Phillip.Francis@gmail.com
CL00431,Phillip,Snyder,PA00162,ADRS431,Phillip.Snyder@gmail.com
CL00432,Kenneth,Gray,PA00122,ADRS432,Kenneth.Gray@gmail.com
CL00433,Kyle,Fowler,PA0043,ADRS433,Kyle.Fowler@gmail.com
CL00434,Jessica,Frey,PA00174,ADRS434,Jessica.Frey@gmail.com
CL00435,David,Hubbard,PA007,ADRS435,David.Hubbard@gmail.com
CL00436,David,Smith,PA00156,ADRS436,David.Smith@gmail.com
CL00437,Ashley,Robinson,PA0051,ADRS437,Ashley.Robinson@gmail.com
CL00438,Sheri,Knight,PA0030,ADRS438,Sheri.Knight@gmail.com
CL00439,Brandi,Bennett,PA006,ADRS439,Brandi.Bennett@gmail.com
CL00440,Megan,Middleton,PA00176,ADRS440,Megan.Middleton@gmail.com
CL00441,Morgan,Reed,PA0025,ADRS441,Morgan.Reed@gmail.com
CL00442,Robert,Mann,PA00108,ADRS442,Robert.Mann@gmail.com
CL00443,Veronica,Cole,PA006,ADRS443,Veronica.Cole@gmail.com
CL00444,Cheyenne,Fisher,PA00108,ADRS444,Cheyenne.Fisher@gmail.com
CL00445,Elizabeth,Arnold,PA0081,ADRS445,Elizabeth.Arnold@gmail.com
CL00446,David,Swanson,PA0027,ADRS446,David.Swanson@gmail.com
CL00447,Christopher,Tran,PA0073,ADRS447,Christopher.Tran@gmail.com
CL00448,Melinda,Graham,PA0059,ADRS448,Melinda.Graham@gmail.com
CL00449,Melanie,Mathis,PA006,ADRS449,Melanie.Mathis@gmail.com
CL00450,Jared,Ibarra,PA00130,ADRS450,Jared.Ibarra@gmail.com
CL00451,Jodi,Campbell,PA0098,ADRS451,Jodi.Campbell@gmail.com
CL00452,Dawn,Turner,PA00156,ADRS452,Dawn.Turner@gmail.com
CL00453,Brandon,Villanueva,PA0056,ADRS453,Brandon.Villanueva@gmail.com
CL00454,Vernon,Williams,PA00163,ADRS454,Vernon.Williams@gmail.com
CL00455,Matthew,Smith,PA00142,ADRS455,Matthew.Smith@gmail.com
CL00456,Melissa,Clark,PA00179,ADRS456,Melissa.Clark@gmail.com
CL00457,Brittany,Morales,PA00108,ADRS457,Brittany.Morales@gmail.com
CL00458,Lisa,Ramsey,PA0089,ADRS458,Lisa.Ramsey@gmail.com
CL00459,Kimberly,Robinson,PA0072,ADRS459,Kimberly.Robinson@gmail.com
CL00460,Linda,Taylor,PA0015,ADRS460,Linda.Taylor@gmail.com
CL00461,Chris,Olsen,PA0082,ADRS461,Chris.Olsen@gmail.com
CL00462,Sandra,Haley,PA00101,ADRS462,Sandra.Haley@gmail.com
CL00463,Taylor,Moreno,PA00140,ADRS463,Taylor.Moreno@gmail.com
CL00464,Diane,Carlson,PA0055,ADRS464,Diane.Carlson@gmail.com
CL00465,David,Robinson,PA0069,ADRS465,David.Robinson@gmail.com
CL00466,William,Mcdowell,PA0042,ADRS466,William.Mcdowell@gmail.com
CL00467,Frank,Collins,PA00122,ADRS467,Frank.Collins@gmail.com
CL00468,Anthony,Salas,PA00162,ADRS468,Anthony.Salas@gmail.com
CL00469,Bailey,Smith,PA004,ADRS469,Bailey.Smith@gmail.com
CL00470,Elizabeth,Joyce,PA00170,ADRS470,Elizabeth.Joyce@gmail.com
CL00471,Ernest,Castillo,PA00108,ADRS471,Ernest.Castillo@gmail.com
CL00472,Rebecca,Wade,PA0087,ADRS472,Rebecca.Wade@gmail.com
CL00473,Rebecca,Jones,PA0014,ADRS473,Rebecca.Jones@gmail.com
CL00474,Tina,Lopez,PA00112,ADRS474,Tina.Lopez@gmail.com
CL00475,Jason,Anderson,PA00184,ADRS475,Jason.Anderson@gmail.com
CL00476,Lucas,Huynh,PA0072,ADRS476,Lucas.Huynh@gmail.com
CL00477,Catherine,Rogers,PA00169,ADRS477,Catherine.Rogers@gmail.com
CL00478,Frederick,Lewis,PA00107,ADRS478,Frederick.Lewis@gmail.com
CL00479,Glenda,Miller,PA00147,ADRS479,Glenda.Miller@gmail.com
CL00480,Tyler,Knight,PA0013,ADRS480,Tyler.Knight@gmail.com
CL00481,Linda,Singh,PA00137,ADRS481,Linda.Singh@gmail.com
CL00482,Jeremy,Brewer,PA0048,ADRS482,Jeremy.Brewer@gmail.com
CL00483,Deborah,Crawford,PA00114,ADRS483,Deborah.Crawford@gmail.com
CL00484,Robert,Davis,PA0059,ADRS484,Robert.Davis@gmail.com
CL00485,Roberta,Johnson,PA00115,ADRS485,Roberta.Johnson@gmail.com
CL00486,Joseph,Knapp,PA00123,ADRS486,Joseph.Knapp@gmail.com
CL00487,Allen,Brown,PA0033,ADRS487,Allen.Brown@gmail.com
CL00488,Marcus,Myers,PA00183,ADRS488,Marcus.Myers@gmail.com
CL00489,Carla,Hunter,PA0076,ADRS489,Carla.Hunter@gmail.com
CL00490,Michael,Murray,PA00134,ADRS490,Michael.Murray@gmail.com
CL00491,Amber,Cook,PA0014,ADRS491,Amber.Cook@gmail.com
CL00492,Kevin,Jackson,PA007,ADRS492,Kevin.Jackson@gmail.com
CL00493,Melissa,Dunn,PA0072,ADRS493,Melissa.Dunn@gmail.com
CL00494,Robert,Castaneda,PA0037,ADRS494,Robert.Castaneda@gmail.com
CL00495,Kimberly,Haas,PA0038,ADRS495,Kimberly.Haas@gmail.com
CL00496,Chris,Peterson,PA00172,ADRS496,Chris.Peterson@gmail.com
CL00497,Thomas,Bradshaw,PA00181,ADRS497,Thomas.Bradshaw@gmail.com
CL00498,Kathy,Watson,PA0058,ADRS498,Kathy.Watson@gmail.com
CL00499,Darlene,Lee,PA00123,ADRS499,Darlene.Lee@gmail.com
CL00500,Amber,Gordon,PA0076,ADRS500,Amber.Gordon@gmail.com
