ID Cliente%Nombre%Apellido%ID Pais%Direccion%Correo
CL001%Dean%Johnson%PA0034%ADRS1%Dean.Johnson@gmail.com
CL002%Alicia%Klein%PA0013%ADRS2%Alicia.Klein@gmail.com
CL003%Kevin%Mullen%PA00140%ADRS3%Kevin.Mullen@gmail.com
CL004%Sarah%Garrett%PA0011%ADRS4%Sarah.Garrett@gmail.com
CL005%Paul%Johnson%PA0087%ADRS5%Paul.Johnson@gmail.com
CL006%Joshua%Henderson%PA00140%ADRS6%Joshua.Henderson@gmail.com
CL007%Thomas%Hawkins%PA0017%ADRS7%Thomas.Hawkins@gmail.com
CL008%Elizabeth%Obrien%PA00170%ADRS8%Elizabeth.Obrien@gmail.com
CL009%David%Cisneros%PA005%ADRS9%David.Cisneros@gmail.com
CL0010%Tracy%Mitchell%PA0055%ADRS10%Tracy.Mitchell@gmail.com
CL0011%Kayla%Barron%PA00154%ADRS11%Kayla.Barron@gmail.com
CL0012%Kenneth%Davis%PA0060%ADRS12%Kenneth.Davis@gmail.com
CL0013%Andrew%Sullivan%PA00169%ADRS13%Andrew.Sullivan@gmail.com
CL0014%Monica%Thomas%PA00166%ADRS14%Monica.Thomas@gmail.com
CL0015%Gerald%Ingram%PA00134%ADRS15%Gerald.Ingram@gmail.com
CL0016%Hunter%Miller%PA004%ADRS16%Hunter.Miller@gmail.com
CL0017%Thomas%Fisher%PA0064%ADRS17%Thomas.Fisher@gmail.com
CL0018%Sandra%Henry%PA00121%ADRS18%Sandra.Henry@gmail.com
CL0019%Vanessa%Rasmussen%PA00145%ADRS19%Vanessa.Rasmussen@gmail.com
CL0020%Samantha%George%PA00163%ADRS20%Samantha.George@gmail.com
CL0021%Victor%James%PA0018%ADRS21%Victor.James@gmail.com
CL0022%Michael%Howe%PA0087%ADRS22%Michael.Howe@gmail.com
CL0023%Eric%Alvarez%PA0020%ADRS23%Eric.Alvarez@gmail.com
CL0024%David%Jensen%PA0028%ADRS24%David.Jensen@gmail.com
CL0025%Gregory%Walker%PA00169%ADRS25%Gregory.Walker@gmail.com
CL0026%Thomas%Stevens%PA0067%ADRS26%Thomas.Stevens@gmail.com
CL0027%Shannon%Peters%PA0011%ADRS27%Shannon.Peters@gmail.com
CL0028%Amy%Brown%PA00151%ADRS28%Amy.Brown@gmail.com
CL0029%Sandra%Sanchez%PA00165%ADRS29%Sandra.Sanchez@gmail.com
CL0030%Anthony%Daniels%PA00177%ADRS30%Anthony.Daniels@gmail.com
CL0031%Joseph%Santana%PA0028%ADRS31%Joseph.Santana@gmail.com
CL0032%Sarah%Woodward%PA00152%ADRS32%Sarah.Woodward@gmail.com
CL0033%Anne%Haynes%PA00153%ADRS33%Anne.Haynes@gmail.com
CL0034%Matthew%Turner%PA0074%ADRS34%Matthew.Turner@gmail.com
CL0035%Nathan%Wells%PA0077%ADRS35%Nathan.Wells@gmail.com
CL0036%Mary%Smith%PA0053%ADRS36%Mary.Smith@gmail.com
CL0037%Eric%Callahan%PA00134%ADRS37%Eric.Callahan@gmail.com
CL0038%Dalton%Howe%PA0090%ADRS38%Dalton.Howe@gmail.com
CL0039%Cheyenne%Meyer%PA00146%ADRS39%Cheyenne.Meyer@gmail.com
CL0040%Ernest%Miller%PA0071%ADRS40%Ernest.Miller@gmail.com
CL0041%Jamie%Norman%PA0020%ADRS41%Jamie.Norman@gmail.com
CL0042%Christopher%Young%PA0027%ADRS42%Christopher.Young@gmail.com
CL0043%Sonia%Collier%PA0083%ADRS43%Sonia.Collier@gmail.com
CL0044%Alicia%Taylor%PA00121%ADRS44%Alicia.Taylor@gmail.com
CL0045%Virginia%Graves%PA00166%ADRS45%Virginia.Graves@gmail.com
CL0046%Zachary%Rice%PA0099%ADRS46%Zachary.Rice@gmail.com
CL0047%Charles%Daniels%PA00158%ADRS47%Charles.Daniels@gmail.com
CL0048%Denise%Mccormick%PA00180%ADRS48%Denise.Mccormick@gmail.com
CL0049%Ashley%Cohen%PA0027%ADRS49%Ashley.Cohen@gmail.com
CL0050%Jason%Morales%PA0052%ADRS50%Jason.Morales@gmail.com
CL0051%Mario%Riley%PA0042%ADRS51%Mario.Riley@gmail.com
CL0052%Debra%Coleman%PA00157%ADRS52%Debra.Coleman@gmail.com
CL0053%Kelly%Cooper%PA00103%ADRS53%Kelly.Cooper@gmail.com
CL0054%Leah%Jones%PA0072%ADRS54%Leah.Jones@gmail.com
CL0055%John%Carpenter%PA0068%ADRS55%John.Carpenter@gmail.com
CL0056%Natalie%Livingston%PA0016%ADRS56%Natalie.Livingston@gmail.com
CL0057%Sarah%Dickerson%PA0033%ADRS57%Sarah.Dickerson@gmail.com
CL0058%Todd%Webb%PA0042%ADRS58%Todd.Webb@gmail.com
CL0059%Ricky%Lopez%PA0080%ADRS59%Ricky.Lopez@gmail.com
CL0060%Olivia%Pena%PA00177%ADRS60%Olivia.Pena@gmail.com
CL0061%Donald%Williams%PA00140%ADRS61%Donald.Williams@gmail.com
CL0062%Don%Kerr%PA00123%ADRS62%Don.Kerr@gmail.com
CL0063%Jessica%Lowe%PA00152%ADRS63%Jessica.Lowe@gmail.com
CL0064%Larry%Reese%PA0018%ADRS64%Larry.Reese@gmail.com
CL0065%Maria%Palmer%PA00158%ADRS65%Maria.Palmer@gmail.com
CL0066%Alexandra%Peterson%PA0030%ADRS66%Alexandra.Peterson@gmail.com
CL0067%Mark%Sullivan%PA0051%ADRS67%Mark.Sullivan@gmail.com
CL0068%Melissa%Garcia%PA0042%ADRS68%Melissa.Garcia@gmail.com
CL0069%William%Pearson%PA0044%ADRS69%William.Pearson@gmail.com
CL0070%Nathan%Parrish%PA00183%ADRS70%Nathan.Parrish@gmail.com
CL0071%Jennifer%Richard%PA00113%ADRS71%Jennifer.Richard@gmail.com
CL0072%Mary%Moore%PA00134%ADRS72%Mary.Moore@gmail.com
CL0073%Colleen%Aguirre%PA00182%ADRS73%Colleen.Aguirre@gmail.com
CL0074%Lisa%Rodriguez%PA00144%ADRS74%Lisa.Rodriguez@gmail.com
CL0075%Jenna%Roberts%PA0085%ADRS75%Jenna.Roberts@gmail.com
CL0076%Joseph%Frank%PA00110%ADRS76%Joseph.Frank@gmail.com
CL0077%David%Salinas%PA0078%ADRS77%David.Salinas@gmail.com
CL0078%Matthew%Sparks%PA00160%ADRS78%Matthew.Sparks@gmail.com
CL0079%Kristen%Reeves%PA0081%ADRS79%Kristen.Reeves@gmail.com
CL0080%William%Peterson%PA00133%ADRS80%William.Peterson@gmail.com
CL0081%Grant%Matthews%PA00155%ADRS81%Grant.Matthews@gmail.com
CL0082%Mary%Brown%PA00119%ADRS82%Mary.Brown@gmail.com
CL0083%Rhonda%Griffin%PA0099%ADRS83%Rhonda.Griffin@gmail.com
CL0084%Vanessa%Terrell%PA0023%ADRS84%Vanessa.Terrell@gmail.com
CL0085%Evan%Rodriguez%PA0040%ADRS85%Evan.Rodriguez@gmail.com
CL0086%Tara%Thompson%PA00121%ADRS86%Tara.Thompson@gmail.com
CL0087%Kayla%Barr%PA00109%ADRS87%Kayla.Barr@gmail.com
CL0088%Willie%Petersen%PA0035%ADRS88%Willie.Petersen@gmail.com
CL0089%Benjamin%Nguyen%PA0071%ADRS89%Benjamin.Nguyen@gmail.com
CL0090%Kenneth%Erickson%PA00101%ADRS90%Kenneth.Erickson@gmail.com
CL0091%Robert%Miles%PA0069%ADRS91%Robert.Miles@gmail.com
CL0092%Shaun%Wright%PA0029%ADRS92%Shaun.Wright@gmail.com
CL0093%Joseph%Frank%PA00105%ADRS93%Joseph.Frank@gmail.com
CL0094%Austin%Smith%PA0029%ADRS94%Austin.Smith@gmail.com
CL0095%Michael%Woods%PA0079%ADRS95%Michael.Woods@gmail.com
CL0096%Dale%Brown%PA0034%ADRS96%Dale.Brown@gmail.com
CL0097%Hannah%Diaz%PA00137%ADRS97%Hannah.Diaz@gmail.com
CL0098%Lauren%Hayes%PA0088%ADRS98%Lauren.Hayes@gmail.com
CL0099%Jessica%Smith%PA0084%ADRS99%Jessica.Smith@gmail.com
CL00100%Caleb%Collins%PA00101%ADRS100%Caleb.Collins@gmail.com
CL00101%Mark%Anderson%PA00172%ADRS101%Mark.Anderson@gmail.com
CL00102%James%Freeman%PA0010%ADRS102%James.Freeman@gmail.com
CL00103%Kelly%Boyle%PA0069%ADRS103%Kelly.Boyle@gmail.com
CL00104%Andrew%Burke%PA00161%ADRS104%Andrew.Burke@gmail.com
CL00105%Jeffrey%Blair%PA00147%ADRS105%Jeffrey.Blair@gmail.com
CL00106%Megan%Foster%PA00134%ADRS106%Megan.Foster@gmail.com
CL00107%Susan%Phillips%PA0043%ADRS107%Susan.Phillips@gmail.com
CL00108%Carrie%Hopkins%PA0039%ADRS108%Carrie.Hopkins@gmail.com
CL00109%Laura%Randall%PA00136%ADRS109%Laura.Randall@gmail.com
CL00110%Kevin%Tanner%PA00109%ADRS110%Kevin.Tanner@gmail.com
CL00111%Bianca%Bridges%PA00177%ADRS111%Bianca.Bridges@gmail.com
CL00112%Robert%Vargas%PA00153%ADRS112%Robert.Vargas@gmail.com
CL00113%John%Woods%PA0013%ADRS113%John.Woods@gmail.com
CL00114%Luis%Robinson%PA00133%ADRS114%Luis.Robinson@gmail.com
CL00115%Michelle%Knight%PA00174%ADRS115%Michelle.Knight@gmail.com
CL00116%David%Brown%PA00124%ADRS116%David.Brown@gmail.com
CL00117%Adam%Cherry%PA00183%ADRS117%Adam.Cherry@gmail.com
CL00118%Laura%Taylor%PA0095%ADRS118%Laura.Taylor@gmail.com
CL00119%David%Thomas%PA00161%ADRS119%David.Thomas@gmail.com
CL00120%Dennis%Herrera%PA00148%ADRS120%Dennis.Herrera@gmail.com
CL00121%Joseph%Richard%PA00122%ADRS121%Joseph.Richard@gmail.com
CL00122%Jessica%Fields%PA00140%ADRS122%Jessica.Fields@gmail.com
CL00123%Kristina%Martinez%PA0063%ADRS123%Kristina.Martinez@gmail.com
CL00124%Gregory%Faulkner%PA0061%ADRS124%Gregory.Faulkner@gmail.com
CL00125%Tony%Fleming%PA0027%ADRS125%Tony.Fleming@gmail.com
CL00126%Trevor%Reid%PA00180%ADRS126%Trevor.Reid@gmail.com
CL00127%Angel%Clark%PA0086%ADRS127%Angel.Clark@gmail.com
CL00128%Brian%Richard%PA00121%ADRS128%Brian.Richard@gmail.com
CL00129%Jennifer%Matthews%PA008%ADRS129%Jennifer.Matthews@gmail.com
CL00130%Helen%Hill%PA00171%ADRS130%Helen.Hill@gmail.com
CL00131%Joseph%Holt%PA00126%ADRS131%Joseph.Holt@gmail.com
CL00132%Lori%Reed%PA00112%ADRS132%Lori.Reed@gmail.com
CL00133%Kurt%Adams%PA00105%ADRS133%Kurt.Adams@gmail.com
CL00134%Andrew%Gonzalez%PA00145%ADRS134%Andrew.Gonzalez@gmail.com
CL00135%Tina%Petersen%PA00103%ADRS135%Tina.Petersen@gmail.com
CL00136%Olivia%Howell%PA00154%ADRS136%Olivia.Howell@gmail.com
CL00137%Heather%Williams%PA00158%ADRS137%Heather.Williams@gmail.com
CL00138%Susan%Anderson%PA00150%ADRS138%Susan.Anderson@gmail.com
CL00139%Karla%Montoya%PA00133%ADRS139%Karla.Montoya@gmail.com
CL00140%Michael%Arnold%PA00145%ADRS140%Michael.Arnold@gmail.com
CL00141%Ashley%Williams%PA0010%ADRS141%Ashley.Williams@gmail.com
CL00142%Thomas%Larson%PA00101%ADRS142%Thomas.Larson@gmail.com
CL00143%Robert%Roberts%PA0061%ADRS143%Robert.Roberts@gmail.com
CL00144%Erin%White%PA0078%ADRS144%Erin.White@gmail.com
CL00145%Claudia%West%PA00153%ADRS145%Claudia.West@gmail.com
CL00146%Laurie%Mejia%PA0074%ADRS146%Laurie.Mejia@gmail.com
CL00147%Laura%Campbell%PA0074%ADRS147%Laura.Campbell@gmail.com
CL00148%Ann%Gibson%PA001%ADRS148%Ann.Gibson@gmail.com
CL00149%Steven%Velasquez%PA0028%ADRS149%Steven.Velasquez@gmail.com
CL00150%Joseph%Hernandez%PA0056%ADRS150%Joseph.Hernandez@gmail.com
CL00151%Kristin%Kelly%PA0016%ADRS151%Kristin.Kelly@gmail.com
CL00152%Curtis%Woods%PA0028%ADRS152%Curtis.Woods@gmail.com
CL00153%Kyle%Kennedy%PA0071%ADRS153%Kyle.Kennedy@gmail.com
CL00154%Jessica%Watson%PA0076%ADRS154%Jessica.Watson@gmail.com
CL00155%Holly%Lewis%PA0081%ADRS155%Holly.Lewis@gmail.com
CL00156%Ronald%Schaefer%PA00100%ADRS156%Ronald.Schaefer@gmail.com
CL00157%Alan%Ferguson%PA00151%ADRS157%Alan.Ferguson@gmail.com
CL00158%Andrew%King%PA0030%ADRS158%Andrew.King@gmail.com
CL00159%Audrey%Powell%PA00182%ADRS159%Audrey.Powell@gmail.com
CL00160%Michael%Sandoval%PA00115%ADRS160%Michael.Sandoval@gmail.com
CL00161%Hector%Patel%PA0015%ADRS161%Hector.Patel@gmail.com
CL00162%Matthew%Willis%PA0066%ADRS162%Matthew.Willis@gmail.com
CL00163%Ashley%Stein%PA0040%ADRS163%Ashley.Stein@gmail.com
CL00164%Jason%Miller%PA0087%ADRS164%Jason.Miller@gmail.com
CL00165%Jose%Anderson%PA00112%ADRS165%Jose.Anderson@gmail.com
CL00166%Dana%Freeman%PA00107%ADRS166%Dana.Freeman@gmail.com
CL00167%Connie%Robbins%PA0093%ADRS167%Connie.Robbins@gmail.com
CL00168%Jason%Barnes%PA00109%ADRS168%Jason.Barnes@gmail.com
CL00169%Eric%Hurst%PA00181%ADRS169%Eric.Hurst@gmail.com
CL00170%David%Haley%PA0013%ADRS170%David.Haley@gmail.com
CL00171%Theresa%Hernandez%PA0076%ADRS171%Theresa.Hernandez@gmail.com
CL00172%David%Wood%PA0082%ADRS172%David.Wood@gmail.com
CL00173%Christine%Anderson%PA00153%ADRS173%Christine.Anderson@gmail.com
CL00174%Derrick%Taylor%PA00135%ADRS174%Derrick.Taylor@gmail.com
CL00175%Christopher%Carter%PA00116%ADRS175%Christopher.Carter@gmail.com
CL00176%Austin%Aguilar%PA00173%ADRS176%Austin.Aguilar@gmail.com
CL00177%Bonnie%Harmon%PA0056%ADRS177%Bonnie.Harmon@gmail.com
CL00178%Aaron%Stokes%PA0064%ADRS178%Aaron.Stokes@gmail.com
CL00179%Christopher%Lee%PA00180%ADRS179%Christopher.Lee@gmail.com
CL00180%Richard%Martinez%PA00151%ADRS180%Richard.Martinez@gmail.com
CL00181%Holly%Lawson%PA0045%ADRS181%Holly.Lawson@gmail.com
CL00182%Julie%Steele%PA0095%ADRS182%Julie.Steele@gmail.com
CL00183%Andrea%Anderson%PA00176%ADRS183%Andrea.Anderson@gmail.com
CL00184%Erica%Salazar%PA0093%ADRS184%Erica.Salazar@gmail.com
CL00185%Ashley%Simmons%PA0033%ADRS185%Ashley.Simmons@gmail.com
CL00186%Jennifer%Young%PA0013%ADRS186%Jennifer.Young@gmail.com
CL00187%John%Wright%PA0074%ADRS187%John.Wright@gmail.com
CL00188%Victoria%Lara%PA0013%ADRS188%Victoria.Lara@gmail.com
CL00189%Angela%Key%PA0044%ADRS189%Angela.Key@gmail.com
CL00190%Matthew%Hill%PA00117%ADRS190%Matthew.Hill@gmail.com
CL00191%Corey%Garrison%PA007%ADRS191%Corey.Garrison@gmail.com
CL00192%Dennis%West%PA00170%ADRS192%Dennis.West@gmail.com
CL00193%Ashley%Jennings%PA00166%ADRS193%Ashley.Jennings@gmail.com
CL00194%Shawn%Phillips%PA0033%ADRS194%Shawn.Phillips@gmail.com
CL00195%Rebecca%Davis%PA0078%ADRS195%Rebecca.Davis@gmail.com
CL00196%Ryan%Smith%PA004%ADRS196%Ryan.Smith@gmail.com
CL00197%Joshua%Hogan%PA0074%ADRS197%Joshua.Hogan@gmail.com
CL00198%Kelly%Morgan%PA0020%ADRS198%Kelly.Morgan@gmail.com
CL00199%Ryan%Ward%PA0094%ADRS199%Ryan.Ward@gmail.com
CL00200%Linda%Riley%PA002%ADRS200%Linda.Riley@gmail.com
CL00201%Amanda%Baker%PA00100%ADRS201%Amanda.Baker@gmail.com
CL00202%Dennis%Graham%PA0033%ADRS202%Dennis.Graham@gmail.com
CL00203%Kyle%Johnson%PA0017%ADRS203%Kyle.Johnson@gmail.com
CL00204%Kristina%Roberts%PA00134%ADRS204%Kristina.Roberts@gmail.com
CL00205%Paula%Rogers%PA0054%ADRS205%Paula.Rogers@gmail.com
CL00206%Jessica%Serrano%PA0024%ADRS206%Jessica.Serrano@gmail.com
CL00207%Jason%Orr%PA0072%ADRS207%Jason.Orr@gmail.com
CL00208%Pamela%Anderson%PA00157%ADRS208%Pamela.Anderson@gmail.com
CL00209%Antonio%Walker%PA008%ADRS209%Antonio.Walker@gmail.com
CL00210%Michael%Tucker%PA0075%ADRS210%Michael.Tucker@gmail.com
CL00211%Gary%Grimes%PA00108%ADRS211%Gary.Grimes@gmail.com
CL00212%Jeffrey%Campbell%PA00124%ADRS212%Jeffrey.Campbell@gmail.com
CL00213%Brittany%Cooper%PA0078%ADRS213%Brittany.Cooper@gmail.com
CL00214%Kendra%Santos%PA0058%ADRS214%Kendra.Santos@gmail.com
CL00215%Leon%Griffin%PA0017%ADRS215%Leon.Griffin@gmail.com
CL00216%Gabrielle%Booker%PA00167%ADRS216%Gabrielle.Booker@gmail.com
CL00217%Brandi%Murphy%PA0098%ADRS217%Brandi.Murphy@gmail.com
CL00218%Natalie%Chavez%PA00136%ADRS218%Natalie.Chavez@gmail.com
CL00219%Ashley%Goodwin%PA0015%ADRS219%Ashley.Goodwin@gmail.com
CL00220%Molly%Brennan%PA0050%ADRS220%Molly.Brennan@gmail.com
CL00221%Ryan%Mckinney%PA00173%ADRS221%Ryan.Mckinney@gmail.com
CL00222%Timothy%Mitchell%PA0026%ADRS222%Timothy.Mitchell@gmail.com
CL00223%Robert%Crane%PA00143%ADRS223%Robert.Crane@gmail.com
CL00224%Timothy%Johnson%PA001%ADRS224%Timothy.Johnson@gmail.com
CL00225%Ian%Miller%PA00111%ADRS225%Ian.Miller@gmail.com
CL00226%Albert%Park%PA00156%ADRS226%Albert.Park@gmail.com
CL00227%Sharon%Hatfield%PA0079%ADRS227%Sharon.Hatfield@gmail.com
CL00228%Patricia%Luna%PA00110%ADRS228%Patricia.Luna@gmail.com
CL00229%Misty%Thompson%PA0064%ADRS229%Misty.Thompson@gmail.com
CL00230%Robert%Roberson%PA00174%ADRS230%Robert.Roberson@gmail.com
CL00231%Richard%Wilson%PA00135%ADRS231%Richard.Wilson@gmail.com
CL00232%Sandra%Smith%PA00132%ADRS232%Sandra.Smith@gmail.com
CL00233%Christian%Faulkner%PA00113%ADRS233%Christian.Faulkner@gmail.com
CL00234%Carol%Barrera%PA00128%ADRS234%Carol.Barrera@gmail.com
CL00235%Gregory%Martinez%PA00130%ADRS235%Gregory.Martinez@gmail.com
CL00236%Carrie%Anthony%PA0047%ADRS236%Carrie.Anthony@gmail.com
CL00237%Connie%Johnson%PA0026%ADRS237%Connie.Johnson@gmail.com
CL00238%Stephen%Richardson%PA008%ADRS238%Stephen.Richardson@gmail.com
CL00239%Nichole%Trujillo%PA00130%ADRS239%Nichole.Trujillo@gmail.com
CL00240%Patricia%Cochran%PA0077%ADRS240%Patricia.Cochran@gmail.com
CL00241%Julia%Oneal%PA00153%ADRS241%Julia.Oneal@gmail.com
CL00242%Timothy%Morrison%PA0097%ADRS242%Timothy.Morrison@gmail.com
CL00243%Mary%Wells%PA00133%ADRS243%Mary.Wells@gmail.com
CL00244%Erika%Jones%PA0042%ADRS244%Erika.Jones@gmail.com
CL00245%Johnathan%Moore%PA0040%ADRS245%Johnathan.Moore@gmail.com
CL00246%James%Bennett%PA00179%ADRS246%James.Bennett@gmail.com
CL00247%Douglas%Perry%PA00177%ADRS247%Douglas.Perry@gmail.com
CL00248%Patricia%Wilson%PA00128%ADRS248%Patricia.Wilson@gmail.com
CL00249%Michael%Bradley%PA00151%ADRS249%Michael.Bradley@gmail.com
CL00250%Brandon%Welch%PA0076%ADRS250%Brandon.Welch@gmail.com
CL00251%Richard%Matthews%PA0094%ADRS251%Richard.Matthews@gmail.com
CL00252%Meagan%Butler%PA00116%ADRS252%Meagan.Butler@gmail.com
CL00253%Jennifer%Pruitt%PA00177%ADRS253%Jennifer.Pruitt@gmail.com
CL00254%Alisha%Holt%PA0061%ADRS254%Alisha.Holt@gmail.com
CL00255%Gregg%Mckenzie%PA00123%ADRS255%Gregg.Mckenzie@gmail.com
CL00256%Jane%Schwartz%PA00101%ADRS256%Jane.Schwartz@gmail.com
CL00257%Nicole%Crosby%PA00154%ADRS257%Nicole.Crosby@gmail.com
CL00258%Keith%Stanley%PA0043%ADRS258%Keith.Stanley@gmail.com
CL00259%Rebecca%Campbell%PA0099%ADRS259%Rebecca.Campbell@gmail.com
CL00260%Kenneth%Walker%PA00173%ADRS260%Kenneth.Walker@gmail.com
CL00261%Benjamin%Mcdonald%PA00183%ADRS261%Benjamin.Mcdonald@gmail.com
CL00262%Karen%Campos%PA0045%ADRS262%Karen.Campos@gmail.com
CL00263%Barbara%Mcneil%PA00183%ADRS263%Barbara.Mcneil@gmail.com
CL00264%Ashley%Diaz%PA00150%ADRS264%Ashley.Diaz@gmail.com
CL00265%Stephanie%Pratt%PA0078%ADRS265%Stephanie.Pratt@gmail.com
CL00266%Matthew%Pineda%PA009%ADRS266%Matthew.Pineda@gmail.com
CL00267%Travis%Gould%PA0044%ADRS267%Travis.Gould@gmail.com
CL00268%John%Moore%PA0087%ADRS268%John.Moore@gmail.com
CL00269%Alicia%Kim%PA00184%ADRS269%Alicia.Kim@gmail.com
CL00270%Amanda%Roberts%PA0064%ADRS270%Amanda.Roberts@gmail.com
CL00271%Courtney%Parker%PA0076%ADRS271%Courtney.Parker@gmail.com
CL00272%Katie%Branch%PA0042%ADRS272%Katie.Branch@gmail.com
CL00273%Andrew%Rodriguez%PA00103%ADRS273%Andrew.Rodriguez@gmail.com
CL00274%Kenneth%Smith%PA0057%ADRS274%Kenneth.Smith@gmail.com
CL00275%Frank%Gomez%PA00116%ADRS275%Frank.Gomez@gmail.com
CL00276%Richard%Mata%PA00104%ADRS276%Richard.Mata@gmail.com
CL00277%Michael%Byrd%PA0082%ADRS277%Michael.Byrd@gmail.com
CL00278%Norman%Mendoza%PA005%ADRS278%Norman.Mendoza@gmail.com
CL00279%William%Brown%PA00168%ADRS279%William.Brown@gmail.com
CL00280%Christine%Stewart%PA0091%ADRS280%Christine.Stewart@gmail.com
CL00281%Teresa%Mckee%PA0014%ADRS281%Teresa.Mckee@gmail.com
CL00282%Christopher%Smith%PA0095%ADRS282%Christopher.Smith@gmail.com
CL00283%Ashley%Lee%PA00180%ADRS283%Ashley.Lee@gmail.com
CL00284%Monique%Peterson%PA00118%ADRS284%Monique.Peterson@gmail.com
CL00285%Alan%Brown%PA00153%ADRS285%Alan.Brown@gmail.com
CL00286%Sara%Roberts%PA0066%ADRS286%Sara.Roberts@gmail.com
CL00287%Phillip%Miller%PA00118%ADRS287%Phillip.Miller@gmail.com
CL00288%Jason%Boyd%PA0052%ADRS288%Jason.Boyd@gmail.com
CL00289%Crystal%Miles%PA0073%ADRS289%Crystal.Miles@gmail.com
CL00290%Dennis%Pena%PA0061%ADRS290%Dennis.Pena@gmail.com
CL00291%Steve%Green%PA00156%ADRS291%Steve.Green@gmail.com
CL00292%Steven%Alvarado%PA00177%ADRS292%Steven.Alvarado@gmail.com
CL00293%Christina%Santos%PA0040%ADRS293%Christina.Santos@gmail.com
CL00294%Jason%Bentley%PA0063%ADRS294%Jason.Bentley@gmail.com
CL00295%Sydney%Thompson%PA00110%ADRS295%Sydney.Thompson@gmail.com
CL00296%Brenda%Clark%PA0013%ADRS296%Brenda.Clark@gmail.com
CL00297%Christine%Carr%PA00145%ADRS297%Christine.Carr@gmail.com
CL00298%Brian%Hughes%PA0076%ADRS298%Brian.Hughes@gmail.com
CL00299%Brandon%Fischer%PA0023%ADRS299%Brandon.Fischer@gmail.com
CL00300%Mindy%May%PA0066%ADRS300%Mindy.May@gmail.com
CL00301%Gabrielle%Richards%PA0081%ADRS301%Gabrielle.Richards@gmail.com
CL00302%Katie%Wyatt%PA00120%ADRS302%Katie.Wyatt@gmail.com
CL00303%Michael%Lawson%PA0059%ADRS303%Michael.Lawson@gmail.com
CL00304%Randy%Santos%PA00155%ADRS304%Randy.Santos@gmail.com
CL00305%Spencer%Barnes%PA0051%ADRS305%Spencer.Barnes@gmail.com
CL00306%Karina%Gibson%PA00174%ADRS306%Karina.Gibson@gmail.com
CL00307%Gregory%Nichols%PA003%ADRS307%Gregory.Nichols@gmail.com
CL00308%Michelle%Norton%PA00174%ADRS308%Michelle.Norton@gmail.com
CL00309%Steven%Coleman%PA004%ADRS309%Steven.Coleman@gmail.com
CL00310%Megan%Ward%PA0045%ADRS310%Megan.Ward@gmail.com
CL00311%Frank%Higgins%PA0083%ADRS311%Frank.Higgins@gmail.com
CL00312%Christopher%Warren%PA00151%ADRS312%Christopher.Warren@gmail.com
CL00313%Vincent%Moreno%PA0036%ADRS313%Vincent.Moreno@gmail.com
CL00314%Thomas%Leon%PA00130%ADRS314%Thomas.Leon@gmail.com
CL00315%Jeffery%Garcia%PA0041%ADRS315%Jeffery.Garcia@gmail.com
CL00316%Yolanda%Allen%PA00122%ADRS316%Yolanda.Allen@gmail.com
CL00317%Kevin%Smith%PA0077%ADRS317%Kevin.Smith@gmail.com
CL00318%Lindsey%Osborn%PA0059%ADRS318%Lindsey.Osborn@gmail.com
CL00319%Courtney%Fischer%PA00109%ADRS319%Courtney.Fischer@gmail.com
CL00320%Kimberly%Hawkins%PA00110%ADRS320%Kimberly.Hawkins@gmail.com
CL00321%Charles%Davenport%PA00114%ADRS321%Charles.Davenport@gmail.com
CL00322%Derek%Mendez%PA0099%ADRS322%Derek.Mendez@gmail.com
CL00323%Patricia%Castaneda%PA00127%ADRS323%Patricia.Castaneda@gmail.com
CL00324%Samantha%Maldonado%PA0052%ADRS324%Samantha.Maldonado@gmail.com
CL00325%Lisa%Alvarez%PA00119%ADRS325%Lisa.Alvarez@gmail.com
CL00326%Aaron%Montes%PA0081%ADRS326%Aaron.Montes@gmail.com
CL00327%Brittany%Richards%PA00139%ADRS327%Brittany.Richards@gmail.com
CL00328%Adam%Rios%PA0075%ADRS328%Adam.Rios@gmail.com
CL00329%Lisa%Bean%PA00168%ADRS329%Lisa.Bean@gmail.com
CL00330%Kenneth%Lopez%PA0033%ADRS330%Kenneth.Lopez@gmail.com
CL00331%Whitney%Pollard%PA0036%ADRS331%Whitney.Pollard@gmail.com
CL00332%Paul%Molina%PA0059%ADRS332%Paul.Molina@gmail.com
CL00333%Luke%Moore%PA0079%ADRS333%Luke.Moore@gmail.com
CL00334%Tina%Robinson%PA0019%ADRS334%Tina.Robinson@gmail.com
CL00335%Paul%Carey%PA0065%ADRS335%Paul.Carey@gmail.com
CL00336%Amanda%Garcia%PA0090%ADRS336%Amanda.Garcia@gmail.com
CL00337%Wendy%Bennett%PA00138%ADRS337%Wendy.Bennett@gmail.com
CL00338%James%Watson%PA009%ADRS338%James.Watson@gmail.com
CL00339%Brandon%Perez%PA0029%ADRS339%Brandon.Perez@gmail.com
CL00340%William%Graham%PA0098%ADRS340%William.Graham@gmail.com
CL00341%Matthew%Castaneda%PA0055%ADRS341%Matthew.Castaneda@gmail.com
CL00342%Daniel%Ward%PA0068%ADRS342%Daniel.Ward@gmail.com
CL00343%Corey%Ferguson%PA00148%ADRS343%Corey.Ferguson@gmail.com
CL00344%Rhonda%Pace%PA00132%ADRS344%Rhonda.Pace@gmail.com
CL00345%William%Cross%PA0019%ADRS345%William.Cross@gmail.com
CL00346%Dennis%Romero%PA0041%ADRS346%Dennis.Romero@gmail.com
CL00347%Richard%Rivera%PA00146%ADRS347%Richard.Rivera@gmail.com
CL00348%Zachary%Moreno%PA0085%ADRS348%Zachary.Moreno@gmail.com
CL00349%Dan%Ramos%PA00104%ADRS349%Dan.Ramos@gmail.com
CL00350%Michelle%Smith%PA0067%ADRS350%Michelle.Smith@gmail.com
CL00351%Tammy%Rogers%PA0039%ADRS351%Tammy.Rogers@gmail.com
CL00352%William%Tucker%PA0044%ADRS352%William.Tucker@gmail.com
CL00353%Elizabeth%Gutierrez%PA00173%ADRS353%Elizabeth.Gutierrez@gmail.com
CL00354%Cheryl%Peterson%PA00109%ADRS354%Cheryl.Peterson@gmail.com
CL00355%Julie%Graham%PA00117%ADRS355%Julie.Graham@gmail.com
CL00356%Kristin%Kim%PA0087%ADRS356%Kristin.Kim@gmail.com
CL00357%Kristy%May%PA00115%ADRS357%Kristy.May@gmail.com
CL00358%Lisa%Brooks%PA00169%ADRS358%Lisa.Brooks@gmail.com
CL00359%Benjamin%Arnold%PA0072%ADRS359%Benjamin.Arnold@gmail.com
CL00360%Lindsey%Sutton%PA0061%ADRS360%Lindsey.Sutton@gmail.com
CL00361%Thomas%Singh%PA0091%ADRS361%Thomas.Singh@gmail.com
CL00362%Adam%Leon%PA00117%ADRS362%Adam.Leon@gmail.com
CL00363%Nicholas%Bowen%PA00123%ADRS363%Nicholas.Bowen@gmail.com
CL00364%Michele%Kelley%PA0023%ADRS364%Michele.Kelley@gmail.com
CL00365%Pamela%Cunningham%PA00147%ADRS365%Pamela.Cunningham@gmail.com
CL00366%Allen%Lane%PA00113%ADRS366%Allen.Lane@gmail.com
CL00367%Nicholas%Sanders%PA00106%ADRS367%Nicholas.Sanders@gmail.com
CL00368%Jim%Hoffman%PA0087%ADRS368%Jim.Hoffman@gmail.com
CL00369%Emily%Thomas%PA0053%ADRS369%Emily.Thomas@gmail.com
CL00370%Desiree%Lee%PA00131%ADRS370%Desiree.Lee@gmail.com
CL00371%Jennifer%Thompson%PA00165%ADRS371%Jennifer.Thompson@gmail.com
CL00372%Derek%Bennett%PA0032%ADRS372%Derek.Bennett@gmail.com
CL00373%Patricia%Nguyen%PA0088%ADRS373%Patricia.Nguyen@gmail.com
CL00374%Emily%Bradley%PA0028%ADRS374%Emily.Bradley@gmail.com
CL00375%Kristine%Maddox%PA0092%ADRS375%Kristine.Maddox@gmail.com
CL00376%Tony%Barry%PA00183%ADRS376%Tony.Barry@gmail.com
CL00377%Christopher%Smith%PA00161%ADRS377%Christopher.Smith@gmail.com
CL00378%Catherine%Johnson%PA00102%ADRS378%Catherine.Johnson@gmail.com
CL00379%April%Rowland%PA0051%ADRS379%April.Rowland@gmail.com
CL00380%Roy%Wells%PA0010%ADRS380%Roy.Wells@gmail.com
CL00381%Michael%Hodges%PA0062%ADRS381%Michael.Hodges@gmail.com
CL00382%Robert%Butler%PA0053%ADRS382%Robert.Butler@gmail.com
CL00383%Jared%Carpenter%PA00172%ADRS383%Jared.Carpenter@gmail.com
CL00384%Jodi%Martinez%PA00183%ADRS384%Jodi.Martinez@gmail.com
CL00385%Elizabeth%Santos%PA0053%ADRS385%Elizabeth.Santos@gmail.com
CL00386%Jonathan%Olson%PA0069%ADRS386%Jonathan.Olson@gmail.com
CL00387%Brian%Weaver%PA00174%ADRS387%Brian.Weaver@gmail.com
CL00388%Judy%Garrett%PA00146%ADRS388%Judy.Garrett@gmail.com
CL00389%Dawn%Bradley%PA00179%ADRS389%Dawn.Bradley@gmail.com
CL00390%Amanda%Frederick%PA0046%ADRS390%Amanda.Frederick@gmail.com
CL00391%Jody%Rubio%PA00138%ADRS391%Jody.Rubio@gmail.com
CL00392%Robert%Gates%PA00128%ADRS392%Robert.Gates@gmail.com
CL00393%Anita%Wood%PA0083%ADRS393%Anita.Wood@gmail.com
CL00394%Kristin%Gallagher%PA0022%ADRS394%Kristin.Gallagher@gmail.com
CL00395%Andre%Greene%PA00104%ADRS395%Andre.Greene@gmail.com
CL00396%Erika%Crosby%PA00126%ADRS396%Erika.Crosby@gmail.com
CL00397%William%Rose%PA00110%ADRS397%William.Rose@gmail.com
CL00398%Austin%Green%PA0098%ADRS398%Austin.Green@gmail.com
CL00399%Jerome%Nelson%PA0058%ADRS399%Jerome.Nelson@gmail.com
CL00400%John%King%PA00159%ADRS400%John.King@gmail.com
CL00401%William%Miller%PA00169%ADRS401%William.Miller@gmail.com
CL00402%Teresa%Thompson%PA00123%ADRS402%Teresa.Thompson@gmail.com
CL00403%Alec%Mccarty%PA0025%ADRS403%Alec.Mccarty@gmail.com
CL00404%Elaine%Martin%PA00105%ADRS404%Elaine.Martin@gmail.com
CL00405%Kelly%Smith%PA00118%ADRS405%Kelly.Smith@gmail.com
CL00406%Natasha%Pratt%PA00133%ADRS406%Natasha.Pratt@gmail.com
CL00407%Kimberly%Miller%PA0017%ADRS407%Kimberly.Miller@gmail.com
CL00408%Kathryn%Keith%PA0058%ADRS408%Kathryn.Keith@gmail.com
CL00409%Lisa%Taylor%PA004%ADRS409%Lisa.Taylor@gmail.com
CL00410%Sydney%Williams%PA0015%ADRS410%Sydney.Williams@gmail.com
CL00411%Amy%Davis%PA0078%ADRS411%Amy.Davis@gmail.com
CL00412%Thomas%Rodriguez%PA0057%ADRS412%Thomas.Rodriguez@gmail.com
CL00413%Bianca%Cobb%PA0049%ADRS413%Bianca.Cobb@gmail.com
CL00414%Tracy%Wise%PA00111%ADRS414%Tracy.Wise@gmail.com
CL00415%Amanda%Hughes%PA00126%ADRS415%Amanda.Hughes@gmail.com
CL00416%Rodney%Cole%PA00171%ADRS416%Rodney.Cole@gmail.com
CL00417%Kenneth%Frost%PA00108%ADRS417%Kenneth.Frost@gmail.com
CL00418%Amanda%Mckinney%PA00138%ADRS418%Amanda.Mckinney@gmail.com
CL00419%Jenny%Evans%PA0049%ADRS419%Jenny.Evans@gmail.com
CL00420%David%Welch%PA00105%ADRS420%David.Welch@gmail.com
CL00421%Elizabeth%Delgado%PA0076%ADRS421%Elizabeth.Delgado@gmail.com
CL00422%Kevin%Mayer%PA00127%ADRS422%Kevin.Mayer@gmail.com
CL00423%David%Valdez%PA0010%ADRS423%David.Valdez@gmail.com
CL00424%Taylor%Evans%PA00159%ADRS424%Taylor.Evans@gmail.com
CL00425%Jessica%Larson%PA0024%ADRS425%Jessica.Larson@gmail.com
CL00426%Willie%Wells%PA0056%ADRS426%Willie.Wells@gmail.com
CL00427%Melissa%Smith%PA00109%ADRS427%Melissa.Smith@gmail.com
CL00428%Robert%Harvey%PA0091%ADRS428%Robert.Harvey@gmail.com
CL00429%Jerry%Baxter%PA00111%ADRS429%Jerry.Baxter@gmail.com
CL00430%Patrick%Johnson%PA00131%ADRS430%Patrick.Johnson@gmail.com
CL00431%Nancy%Horn%PA0024%ADRS431%Nancy.Horn@gmail.com
CL00432%Kimberly%Burns%PA0028%ADRS432%Kimberly.Burns@gmail.com
CL00433%Trevor%Mullins%PA0022%ADRS433%Trevor.Mullins@gmail.com
CL00434%Blake%Frank%PA00127%ADRS434%Blake.Frank@gmail.com
CL00435%Brian%Stevens%PA00160%ADRS435%Brian.Stevens@gmail.com
CL00436%James%Gallagher%PA00114%ADRS436%James.Gallagher@gmail.com
CL00437%Sandra%Thomas%PA005%ADRS437%Sandra.Thomas@gmail.com
CL00438%Megan%Becker%PA00153%ADRS438%Megan.Becker@gmail.com
CL00439%Michelle%Sweeney%PA008%ADRS439%Michelle.Sweeney@gmail.com
CL00440%Sara%Acosta%PA00122%ADRS440%Sara.Acosta@gmail.com
CL00441%Danny%Cox%PA00103%ADRS441%Danny.Cox@gmail.com
CL00442%Julia%Lee%PA0036%ADRS442%Julia.Lee@gmail.com
CL00443%Kimberly%Price%PA00113%ADRS443%Kimberly.Price@gmail.com
CL00444%Jay%Duffy%PA00104%ADRS444%Jay.Duffy@gmail.com
CL00445%Kathy%Griffith%PA00130%ADRS445%Kathy.Griffith@gmail.com
CL00446%Lisa%Miranda%PA0096%ADRS446%Lisa.Miranda@gmail.com
CL00447%Debra%Cook%PA0024%ADRS447%Debra.Cook@gmail.com
CL00448%Joan%Walker%PA00121%ADRS448%Joan.Walker@gmail.com
CL00449%Joseph%Wilson%PA003%ADRS449%Joseph.Wilson@gmail.com
CL00450%Kevin%Francis%PA0052%ADRS450%Kevin.Francis@gmail.com
CL00451%Marissa%Jenkins%PA0093%ADRS451%Marissa.Jenkins@gmail.com
CL00452%Kimberly%Wright%PA0090%ADRS452%Kimberly.Wright@gmail.com
CL00453%Shirley%Decker%PA00145%ADRS453%Shirley.Decker@gmail.com
CL00454%Charles%Anderson%PA00135%ADRS454%Charles.Anderson@gmail.com
CL00455%James%Miller%PA0093%ADRS455%James.Miller@gmail.com
CL00456%Jason%Burch%PA00125%ADRS456%Jason.Burch@gmail.com
CL00457%William%Banks%PA0052%ADRS457%William.Banks@gmail.com
CL00458%Timothy%Ferguson%PA0015%ADRS458%Timothy.Ferguson@gmail.com
CL00459%Linda%Frank%PA0075%ADRS459%Linda.Frank@gmail.com
CL00460%Danielle%Yoder%PA0033%ADRS460%Danielle.Yoder@gmail.com
CL00461%Kirk%Andrews%PA00183%ADRS461%Kirk.Andrews@gmail.com
CL00462%Kristen%Anderson%PA00164%ADRS462%Kristen.Anderson@gmail.com
CL00463%Carrie%Raymond%PA0090%ADRS463%Carrie.Raymond@gmail.com
CL00464%Danielle%Bryant%PA00146%ADRS464%Danielle.Bryant@gmail.com
CL00465%Teresa%Burns%PA0041%ADRS465%Teresa.Burns@gmail.com
CL00466%Matthew%Wells%PA0044%ADRS466%Matthew.Wells@gmail.com
CL00467%Crystal%Marquez%PA0012%ADRS467%Crystal.Marquez@gmail.com
CL00468%Kaitlyn%Powell%PA00101%ADRS468%Kaitlyn.Powell@gmail.com
CL00469%Thomas%Clark%PA00130%ADRS469%Thomas.Clark@gmail.com
CL00470%Stephen%Dorsey%PA00132%ADRS470%Stephen.Dorsey@gmail.com
CL00471%Brian%Nelson%PA00106%ADRS471%Brian.Nelson@gmail.com
CL00472%Brian%Walters%PA00117%ADRS472%Brian.Walters@gmail.com
CL00473%Joseph%Odonnell%PA00100%ADRS473%Joseph.Odonnell@gmail.com
CL00474%Cheryl%Williams%PA00177%ADRS474%Cheryl.Williams@gmail.com
CL00475%Donald%Olson%PA00100%ADRS475%Donald.Olson@gmail.com
CL00476%Robert%Harmon%PA0030%ADRS476%Robert.Harmon@gmail.com
CL00477%Ryan%Horton%PA0017%ADRS477%Ryan.Horton@gmail.com
CL00478%Helen%Dillon%PA0030%ADRS478%Helen.Dillon@gmail.com
CL00479%Karen%Heath%PA009%ADRS479%Karen.Heath@gmail.com
CL00480%Jennifer%Stevens%PA00133%ADRS480%Jennifer.Stevens@gmail.com
CL00481%Casey%King%PA0070%ADRS481%Casey.King@gmail.com
CL00482%Ashley%Jones%PA0050%ADRS482%Ashley.Jones@gmail.com
CL00483%Rachel%Collins%PA0085%ADRS483%Rachel.Collins@gmail.com
CL00484%James%Gomez%PA00126%ADRS484%James.Gomez@gmail.com
CL00485%Jeffrey%Ellison%PA0045%ADRS485%Jeffrey.Ellison@gmail.com
CL00486%Terry%Patel%PA00176%ADRS486%Terry.Patel@gmail.com
CL00487%Cynthia%Pena%PA0020%ADRS487%Cynthia.Pena@gmail.com
CL00488%Joseph%Sharp%PA00181%ADRS488%Joseph.Sharp@gmail.com
CL00489%Jacob%Thomas%PA00108%ADRS489%Jacob.Thomas@gmail.com
CL00490%Angela%Martinez%PA0079%ADRS490%Angela.Martinez@gmail.com
CL00491%Timothy%Mckenzie%PA0048%ADRS491%Timothy.Mckenzie@gmail.com
CL00492%Dana%Gay%PA0092%ADRS492%Dana.Gay@gmail.com
CL00493%Kelsey%Beasley%PA00112%ADRS493%Kelsey.Beasley@gmail.com
CL00494%Anne%Cook%PA0064%ADRS494%Anne.Cook@gmail.com
CL00495%Stephanie%Schneider%PA00110%ADRS495%Stephanie.Schneider@gmail.com
CL00496%Anna%Lewis%PA00163%ADRS496%Anna.Lewis@gmail.com
CL00497%Matthew%Spencer%PA00122%ADRS497%Matthew.Spencer@gmail.com
CL00498%Juan%Turner%PA0073%ADRS498%Juan.Turner@gmail.com
CL00499%Michael%Ramos%PA00152%ADRS499%Michael.Ramos@gmail.com
CL00500%Penny%Wilkins%PA00177%ADRS500%Penny.Wilkins@gmail.com
